client_id	path	sentence	up_votes	down_votes	age	gender	accent	locale	segment
9b3a3fb896b71b4f55bfdc401298a09ff3a627a8207aff80fc11871ca212b277da4bc3851352d2b16979f0ea32c1624d69c4406eeeb62f3df29979abf1ddf68a	common_voice_fr_17639146.mp3	"Ce volume, c'est moi qui l'ai écrit ; c'est la chose comme elle s'est passée."	2	0				fr	
9b3a3fb896b71b4f55bfdc401298a09ff3a627a8207aff80fc11871ca212b277da4bc3851352d2b16979f0ea32c1624d69c4406eeeb62f3df29979abf1ddf68a	common_voice_fr_17639147.mp3	Passage Tolozan, soixante-neuf mille un Lyon	2	0				fr	
9b3a3fb896b71b4f55bfdc401298a09ff3a627a8207aff80fc11871ca212b277da4bc3851352d2b16979f0ea32c1624d69c4406eeeb62f3df29979abf1ddf68a	common_voice_fr_17639148.mp3	Mes terreurs !… dites mes inquiétudes ; et, franchement, la circonstance les autorise.	2	0				fr	
9b3a3fb896b71b4f55bfdc401298a09ff3a627a8207aff80fc11871ca212b277da4bc3851352d2b16979f0ea32c1624d69c4406eeeb62f3df29979abf1ddf68a	common_voice_fr_17639150.mp3	Je suis favorable à l’amendement du Gouvernement ainsi sous-amendé.	2	0				fr	
9b3a3fb896b71b4f55bfdc401298a09ff3a627a8207aff80fc11871ca212b277da4bc3851352d2b16979f0ea32c1624d69c4406eeeb62f3df29979abf1ddf68a	common_voice_fr_17639161.mp3	Mes amendements numéros trente-huit et cent trente-deux mais également numéro cent trente-trois sont quasiment identiques.	2	0				fr	
9b3a3fb896b71b4f55bfdc401298a09ff3a627a8207aff80fc11871ca212b277da4bc3851352d2b16979f0ea32c1624d69c4406eeeb62f3df29979abf1ddf68a	common_voice_fr_17639162.mp3	Impasse Émile Junique, zéro sept, trois cents Tournon-sur-Rhône	2	0				fr	
9b3a3fb896b71b4f55bfdc401298a09ff3a627a8207aff80fc11871ca212b277da4bc3851352d2b16979f0ea32c1624d69c4406eeeb62f3df29979abf1ddf68a	common_voice_fr_17639163.mp3	Vous voilà donc moralement associé, monsieur Huyghe.	2	0				fr	
9b3a3fb896b71b4f55bfdc401298a09ff3a627a8207aff80fc11871ca212b277da4bc3851352d2b16979f0ea32c1624d69c4406eeeb62f3df29979abf1ddf68a	common_voice_fr_17639164.mp3	Chemin du Rotoir, Saint-Côme-de-Fresné	2	1				fr	
9b3a3fb896b71b4f55bfdc401298a09ff3a627a8207aff80fc11871ca212b277da4bc3851352d2b16979f0ea32c1624d69c4406eeeb62f3df29979abf1ddf68a	common_voice_fr_17639165.mp3	Impasse des Poissenottes, vingt et un, sept cents Arcenant	2	1				fr	
9b83ca3bc4034c759931c96e56d35eb97b7927ea664bf414680a72fc8a43d0b49fbe37c540feef6679bb8a85675cac6430076042ad52e0785fb20a76a2772971	common_voice_fr_20471587.mp3	Après le départ de Mr.	6	0	twenties	female	france	fr	
9b83ca3bc4034c759931c96e56d35eb97b7927ea664bf414680a72fc8a43d0b49fbe37c540feef6679bb8a85675cac6430076042ad52e0785fb20a76a2772971	common_voice_fr_20471588.mp3	Elle dut donner de la hure aux pistaches.	6	0	twenties	female	france	fr	
9b83ca3bc4034c759931c96e56d35eb97b7927ea664bf414680a72fc8a43d0b49fbe37c540feef6679bb8a85675cac6430076042ad52e0785fb20a76a2772971	common_voice_fr_20471589.mp3	"Il est, par ailleurs, militaire au grade de lieutenant dans l'armée de terre."	6	0	twenties	female	france	fr	
9b83ca3bc4034c759931c96e56d35eb97b7927ea664bf414680a72fc8a43d0b49fbe37c540feef6679bb8a85675cac6430076042ad52e0785fb20a76a2772971	common_voice_fr_20471590.mp3	"Il offre pour son vainqueur une coupe d'or massif."	6	0	twenties	female	france	fr	
9b83ca3bc4034c759931c96e56d35eb97b7927ea664bf414680a72fc8a43d0b49fbe37c540feef6679bb8a85675cac6430076042ad52e0785fb20a76a2772971	common_voice_fr_20471591.mp3	Il y en aurait un millier au Ghana.	6	0	twenties	female	france	fr	
9b83ca3bc4034c759931c96e56d35eb97b7927ea664bf414680a72fc8a43d0b49fbe37c540feef6679bb8a85675cac6430076042ad52e0785fb20a76a2772971	common_voice_fr_20471622.mp3	"Les variables de ce type sont ainsi désignées d'après qui est leur prototype."	6	0	twenties	female	france	fr	
9b83ca3bc4034c759931c96e56d35eb97b7927ea664bf414680a72fc8a43d0b49fbe37c540feef6679bb8a85675cac6430076042ad52e0785fb20a76a2772971	common_voice_fr_20471623.mp3	Ses grands-parents sont originaires de Crète, où il passe ses étés étant enfant.	6	0	twenties	female	france	fr	
9b83ca3bc4034c759931c96e56d35eb97b7927ea664bf414680a72fc8a43d0b49fbe37c540feef6679bb8a85675cac6430076042ad52e0785fb20a76a2772971	common_voice_fr_20471624.mp3	"Le Rouergue était intégré à l'apanage du duc d'Anjou."	6	3	twenties	female	france	fr	
9b83ca3bc4034c759931c96e56d35eb97b7927ea664bf414680a72fc8a43d0b49fbe37c540feef6679bb8a85675cac6430076042ad52e0785fb20a76a2772971	common_voice_fr_20471625.mp3	Sauf la reine.	6	0	twenties	female	france	fr	
9b83ca3bc4034c759931c96e56d35eb97b7927ea664bf414680a72fc8a43d0b49fbe37c540feef6679bb8a85675cac6430076042ad52e0785fb20a76a2772971	common_voice_fr_20471626.mp3	Le grenaillage ferme ces fissures en améliorant également l’aspect des pièces.	6	0	twenties	female	france	fr	
9b9a0e73b4170735ce748d97b7c04a5ef3ab9a40a0190d8b9d1fc83f38496569678545dbfd4ba36603d87e055a3139622b7ed8df9a25153dacedf4c03b7051eb	common_voice_fr_20013104.mp3	Ne plus porter de talons hauts.	2	0	twenties		france	fr	
9b9a0e73b4170735ce748d97b7c04a5ef3ab9a40a0190d8b9d1fc83f38496569678545dbfd4ba36603d87e055a3139622b7ed8df9a25153dacedf4c03b7051eb	common_voice_fr_20013105.mp3	Les branches de la colonies, notamment constituées de chitine sont régulières et largement réparties.	2	0	twenties		france	fr	
9b9a0e73b4170735ce748d97b7c04a5ef3ab9a40a0190d8b9d1fc83f38496569678545dbfd4ba36603d87e055a3139622b7ed8df9a25153dacedf4c03b7051eb	common_voice_fr_20013106.mp3	"Le bureau du ministre est installé dans l'ancienne bibliothèque, au rez-de-chaussée sur le jardin."	2	0	twenties		france	fr	
9b9a0e73b4170735ce748d97b7c04a5ef3ab9a40a0190d8b9d1fc83f38496569678545dbfd4ba36603d87e055a3139622b7ed8df9a25153dacedf4c03b7051eb	common_voice_fr_20013107.mp3	Les débats furent extrêmement tendus entre les camps en présence.	2	0	twenties		france	fr	
9b9a0e73b4170735ce748d97b7c04a5ef3ab9a40a0190d8b9d1fc83f38496569678545dbfd4ba36603d87e055a3139622b7ed8df9a25153dacedf4c03b7051eb	common_voice_fr_20013108.mp3	Il est rédacteur pigiste agréé, collabore à diverses publications et enseigne la rédaction.	2	0	twenties		france	fr	
9b9a0e73b4170735ce748d97b7c04a5ef3ab9a40a0190d8b9d1fc83f38496569678545dbfd4ba36603d87e055a3139622b7ed8df9a25153dacedf4c03b7051eb	common_voice_fr_20013164.mp3	La ville est considérée comme la métropole réformée pour les provinces wallonnes.	2	0	twenties		france	fr	
9b9a0e73b4170735ce748d97b7c04a5ef3ab9a40a0190d8b9d1fc83f38496569678545dbfd4ba36603d87e055a3139622b7ed8df9a25153dacedf4c03b7051eb	common_voice_fr_20013165.mp3	"Excusez-moi, est-ce que vous auriez l'heure s'il vous plaît?"	2	0	twenties		france	fr	
9b9a0e73b4170735ce748d97b7c04a5ef3ab9a40a0190d8b9d1fc83f38496569678545dbfd4ba36603d87e055a3139622b7ed8df9a25153dacedf4c03b7051eb	common_voice_fr_20013166.mp3	Cette espèce est endémique.	2	0	twenties		france	fr	
9b9a0e73b4170735ce748d97b7c04a5ef3ab9a40a0190d8b9d1fc83f38496569678545dbfd4ba36603d87e055a3139622b7ed8df9a25153dacedf4c03b7051eb	common_voice_fr_20013167.mp3	"Bientôt, les morts de l'endroit se réveillent et les attaquent."	2	0	twenties		france	fr	
9b9a0e73b4170735ce748d97b7c04a5ef3ab9a40a0190d8b9d1fc83f38496569678545dbfd4ba36603d87e055a3139622b7ed8df9a25153dacedf4c03b7051eb	common_voice_fr_20013168.mp3	En seizièmes de finale, Nice reçoit Nancy au stade du Ray.	2	0	twenties		france	fr	
9beb5a6a45bb3fef18cbdc845a0892c76afbc4e7685cf2a8398bd253aa64f5c19796d9aa3ea5594c2da5b24034656eb32b56241e945896e79eb82794e79a883a	common_voice_fr_18246308.mp3	Rue du Capitaine Lafond, Lurcy-Lévis	2	0				fr	
9beb5a6a45bb3fef18cbdc845a0892c76afbc4e7685cf2a8398bd253aa64f5c19796d9aa3ea5594c2da5b24034656eb32b56241e945896e79eb82794e79a883a	common_voice_fr_18246309.mp3	Voire, qui l’aurait su !	2	1				fr	
9beb5a6a45bb3fef18cbdc845a0892c76afbc4e7685cf2a8398bd253aa64f5c19796d9aa3ea5594c2da5b24034656eb32b56241e945896e79eb82794e79a883a	common_voice_fr_18246311.mp3	Rue Bosche, dix-neuf mille cent Brive-la-Gaillarde	2	0				fr	
9beb5a6a45bb3fef18cbdc845a0892c76afbc4e7685cf2a8398bd253aa64f5c19796d9aa3ea5594c2da5b24034656eb32b56241e945896e79eb82794e79a883a	common_voice_fr_18246312.mp3	Avenue Lelièvre, quatre-vingt-treize, six cents Aulnay-sous-Bois	2	0				fr	
9beb5a6a45bb3fef18cbdc845a0892c76afbc4e7685cf2a8398bd253aa64f5c19796d9aa3ea5594c2da5b24034656eb32b56241e945896e79eb82794e79a883a	common_voice_fr_18246317.mp3	onze avenue du Quatre Septembre	2	0				fr	
9beb5a6a45bb3fef18cbdc845a0892c76afbc4e7685cf2a8398bd253aa64f5c19796d9aa3ea5594c2da5b24034656eb32b56241e945896e79eb82794e79a883a	common_voice_fr_18246318.mp3	Rue Poncelet, Brive-la-Gaillarde	2	0				fr	
9beb5a6a45bb3fef18cbdc845a0892c76afbc4e7685cf2a8398bd253aa64f5c19796d9aa3ea5594c2da5b24034656eb32b56241e945896e79eb82794e79a883a	common_voice_fr_18246320.mp3	Mais, à mon grand regret, je n’y ai trouvé aucun profit.	2	0				fr	
9beb5a6a45bb3fef18cbdc845a0892c76afbc4e7685cf2a8398bd253aa64f5c19796d9aa3ea5594c2da5b24034656eb32b56241e945896e79eb82794e79a883a	common_voice_fr_18246321.mp3	Cela ne va pas.	2	0				fr	
9beb5a6a45bb3fef18cbdc845a0892c76afbc4e7685cf2a8398bd253aa64f5c19796d9aa3ea5594c2da5b24034656eb32b56241e945896e79eb82794e79a883a	common_voice_fr_18246322.mp3	"Hélas ! … ni l'un ni l'autre ne ressemblait au sien."	2	0				fr	
9c0937360857734fdd45ede2c6d830c2efb0e24a25bb22f5c15648b246f083e45ba56f578a8a9b3d39f506c436a2b748bb74547733a87588ee77d952d9c342e8	common_voice_fr_19605543.mp3	Il avait épousé Marie-Anne Greenwood, veuve du peintre anversois François Solvyns.	2	0				fr	
9c0937360857734fdd45ede2c6d830c2efb0e24a25bb22f5c15648b246f083e45ba56f578a8a9b3d39f506c436a2b748bb74547733a87588ee77d952d9c342e8	common_voice_fr_19605546.mp3	"L'autoroute Sanyo relie Iwakuni au reste du Japon."	2	0				fr	
9c0937360857734fdd45ede2c6d830c2efb0e24a25bb22f5c15648b246f083e45ba56f578a8a9b3d39f506c436a2b748bb74547733a87588ee77d952d9c342e8	common_voice_fr_19605549.mp3	"Le film rencontre un très grand succès en France comme à l'étranger."	2	0				fr	
9c0937360857734fdd45ede2c6d830c2efb0e24a25bb22f5c15648b246f083e45ba56f578a8a9b3d39f506c436a2b748bb74547733a87588ee77d952d9c342e8	common_voice_fr_19605551.mp3	La ville de Musasir se rend apparemment sans résistance.	2	0				fr	
9c0937360857734fdd45ede2c6d830c2efb0e24a25bb22f5c15648b246f083e45ba56f578a8a9b3d39f506c436a2b748bb74547733a87588ee77d952d9c342e8	common_voice_fr_19605553.mp3	"Les vainqueurs des groupes Nord et Sud bénéficient d'un bonus de trois points."	2	0				fr	
9c0937360857734fdd45ede2c6d830c2efb0e24a25bb22f5c15648b246f083e45ba56f578a8a9b3d39f506c436a2b748bb74547733a87588ee77d952d9c342e8	common_voice_fr_19605615.mp3	Plusieurs se font harponner, mais ils parviennent à couler le navire humain.	2	0				fr	
9c0937360857734fdd45ede2c6d830c2efb0e24a25bb22f5c15648b246f083e45ba56f578a8a9b3d39f506c436a2b748bb74547733a87588ee77d952d9c342e8	common_voice_fr_19605616.mp3	"Il avait largement sous-estimé la distance qui sépare l'Europe de l'Asie par l'Ouest."	2	0				fr	
9c0937360857734fdd45ede2c6d830c2efb0e24a25bb22f5c15648b246f083e45ba56f578a8a9b3d39f506c436a2b748bb74547733a87588ee77d952d9c342e8	common_voice_fr_19605617.mp3	"Le projet d'adaptation de la série est international et dirigée par Saban Entertainment."	2	0				fr	
9c0937360857734fdd45ede2c6d830c2efb0e24a25bb22f5c15648b246f083e45ba56f578a8a9b3d39f506c436a2b748bb74547733a87588ee77d952d9c342e8	common_voice_fr_19605618.mp3	Le site est remarquable pour son avifaune.	2	0				fr	
9c0937360857734fdd45ede2c6d830c2efb0e24a25bb22f5c15648b246f083e45ba56f578a8a9b3d39f506c436a2b748bb74547733a87588ee77d952d9c342e8	common_voice_fr_19605619.mp3	"La statue au centre du dôme dans l'amphithéâtre représentent Mercure, sculpté par George Ness."	2	0				fr	
9c66710c6457f9934998a775470c091d91ab55c03d92e3c3de147fed6e7040ceaf32c1f4a92ee1195768a7ba178529cf5ff9736ff934d3ba937f7a00c343822d	common_voice_fr_23668463.mp3	"C'est une machine d'étiquetage portable utilisant un procédé thermique pour l'impression."	6	0	twenties	female	france	fr	
9c66710c6457f9934998a775470c091d91ab55c03d92e3c3de147fed6e7040ceaf32c1f4a92ee1195768a7ba178529cf5ff9736ff934d3ba937f7a00c343822d	common_voice_fr_23668465.mp3	"Élève à l'école de Sorèze, Suzannet devient officier aux Gardes-Françaises."	6	0	twenties	female	france	fr	
