client_id	path	sentence	up_votes	down_votes	age	gender	accent	locale	segment
9b3a3fb896b71b4f55bfdc401298a09ff3a627a8207aff80fc11871ca212b277da4bc3851352d2b16979f0ea32c1624d69c4406eeeb62f3df29979abf1ddf68a	common_voice_fr_17639146.mp3	"Ce volume, c'est moi qui l'ai écrit ; c'est la chose comme elle s'est passée."	2	0				fr	
9b3a3fb896b71b4f55bfdc401298a09ff3a627a8207aff80fc11871ca212b277da4bc3851352d2b16979f0ea32c1624d69c4406eeeb62f3df29979abf1ddf68a	common_voice_fr_17639147.mp3	Passage Tolozan, soixante-neuf mille un Lyon	2	0				fr	
9b3a3fb896b71b4f55bfdc401298a09ff3a627a8207aff80fc11871ca212b277da4bc3851352d2b16979f0ea32c1624d69c4406eeeb62f3df29979abf1ddf68a	common_voice_fr_17639148.mp3	Mes terreurs !… dites mes inquiétudes ; et, franchement, la circonstance les autorise.	2	0				fr	
9b3a3fb896b71b4f55bfdc401298a09ff3a627a8207aff80fc11871ca212b277da4bc3851352d2b16979f0ea32c1624d69c4406eeeb62f3df29979abf1ddf68a	common_voice_fr_17639150.mp3	Je suis favorable à l’amendement du Gouvernement ainsi sous-amendé.	2	0				fr	
9b3a3fb896b71b4f55bfdc401298a09ff3a627a8207aff80fc11871ca212b277da4bc3851352d2b16979f0ea32c1624d69c4406eeeb62f3df29979abf1ddf68a	common_voice_fr_17639161.mp3	Mes amendements numéros trente-huit et cent trente-deux mais également numéro cent trente-trois sont quasiment identiques.	2	0				fr	
9b3a3fb896b71b4f55bfdc401298a09ff3a627a8207aff80fc11871ca212b277da4bc3851352d2b16979f0ea32c1624d69c4406eeeb62f3df29979abf1ddf68a	common_voice_fr_17639162.mp3	Impasse Émile Junique, zéro sept, trois cents Tournon-sur-Rhône	2	0				fr	
9b3a3fb896b71b4f55bfdc401298a09ff3a627a8207aff80fc11871ca212b277da4bc3851352d2b16979f0ea32c1624d69c4406eeeb62f3df29979abf1ddf68a	common_voice_fr_17639163.mp3	Vous voilà donc moralement associé, monsieur Huyghe.	2	0				fr	
9b3a3fb896b71b4f55bfdc401298a09ff3a627a8207aff80fc11871ca212b277da4bc3851352d2b16979f0ea32c1624d69c4406eeeb62f3df29979abf1ddf68a	common_voice_fr_17639164.mp3	Chemin du Rotoir, Saint-Côme-de-Fresné	2	1				fr	
9b3a3fb896b71b4f55bfdc401298a09ff3a627a8207aff80fc11871ca212b277da4bc3851352d2b16979f0ea32c1624d69c4406eeeb62f3df29979abf1ddf68a	common_voice_fr_17639165.mp3	Impasse des Poissenottes, vingt et un, sept cents Arcenant	2	1				fr	
9b83ca3bc4034c759931c96e56d35eb97b7927ea664bf414680a72fc8a43d0b49fbe37c540feef6679bb8a85675cac6430076042ad52e0785fb20a76a2772971	common_voice_fr_20471587.mp3	Après le départ de Mr.	6	0	twenties	female	france	fr	
9b83ca3bc4034c759931c96e56d35eb97b7927ea664bf414680a72fc8a43d0b49fbe37c540feef6679bb8a85675cac6430076042ad52e0785fb20a76a2772971	common_voice_fr_20471588.mp3	Elle dut donner de la hure aux pistaches.	6	0	twenties	female	france	fr	
9b83ca3bc4034c759931c96e56d35eb97b7927ea664bf414680a72fc8a43d0b49fbe37c540feef6679bb8a85675cac6430076042ad52e0785fb20a76a2772971	common_voice_fr_20471589.mp3	"Il est, par ailleurs, militaire au grade de lieutenant dans l'armée de terre."	6	0	twenties	female	france	fr	
9b83ca3bc4034c759931c96e56d35eb97b7927ea664bf414680a72fc8a43d0b49fbe37c540feef6679bb8a85675cac6430076042ad52e0785fb20a76a2772971	common_voice_fr_20471590.mp3	"Il offre pour son vainqueur une coupe d'or massif."	6	0	twenties	female	france	fr	
9b83ca3bc4034c759931c96e56d35eb97b7927ea664bf414680a72fc8a43d0b49fbe37c540feef6679bb8a85675cac6430076042ad52e0785fb20a76a2772971	common_voice_fr_20471591.mp3	Il y en aurait un millier au Ghana.	6	0	twenties	female	france	fr	
9b83ca3bc4034c759931c96e56d35eb97b7927ea664bf414680a72fc8a43d0b49fbe37c540feef6679bb8a85675cac6430076042ad52e0785fb20a76a2772971	common_voice_fr_20471622.mp3	"Les variables de ce type sont ainsi désignées d'après qui est leur prototype."	6	0	twenties	female	france	fr	
9b83ca3bc4034c759931c96e56d35eb97b7927ea664bf414680a72fc8a43d0b49fbe37c540feef6679bb8a85675cac6430076042ad52e0785fb20a76a2772971	common_voice_fr_20471623.mp3	Ses grands-parents sont originaires de Crète, où il passe ses étés étant enfant.	6	0	twenties	female	france	fr	
9b83ca3bc4034c759931c96e56d35eb97b7927ea664bf414680a72fc8a43d0b49fbe37c540feef6679bb8a85675cac6430076042ad52e0785fb20a76a2772971	common_voice_fr_20471624.mp3	"Le Rouergue était intégré à l'apanage du duc d'Anjou."	6	3	twenties	female	france	fr	
9b83ca3bc4034c759931c96e56d35eb97b7927ea664bf414680a72fc8a43d0b49fbe37c540feef6679bb8a85675cac6430076042ad52e0785fb20a76a2772971	common_voice_fr_20471625.mp3	Sauf la reine.	6	0	twenties	female	france	fr	
9b83ca3bc4034c759931c96e56d35eb97b7927ea664bf414680a72fc8a43d0b49fbe37c540feef6679bb8a85675cac6430076042ad52e0785fb20a76a2772971	common_voice_fr_20471626.mp3	Le grenaillage ferme ces fissures en améliorant également l’aspect des pièces.	6	0	twenties	female	france	fr	
9b9a0e73b4170735ce748d97b7c04a5ef3ab9a40a0190d8b9d1fc83f38496569678545dbfd4ba36603d87e055a3139622b7ed8df9a25153dacedf4c03b7051eb	common_voice_fr_20013104.mp3	Ne plus porter de talons hauts.	2	0	twenties		france	fr	
9b9a0e73b4170735ce748d97b7c04a5ef3ab9a40a0190d8b9d1fc83f38496569678545dbfd4ba36603d87e055a3139622b7ed8df9a25153dacedf4c03b7051eb	common_voice_fr_20013105.mp3	Les branches de la colonies, notamment constituées de chitine sont régulières et largement réparties.	2	0	twenties		france	fr	
9b9a0e73b4170735ce748d97b7c04a5ef3ab9a40a0190d8b9d1fc83f38496569678545dbfd4ba36603d87e055a3139622b7ed8df9a25153dacedf4c03b7051eb	common_voice_fr_20013106.mp3	"Le bureau du ministre est installé dans l'ancienne bibliothèque, au rez-de-chaussée sur le jardin."	2	0	twenties		france	fr	
9b9a0e73b4170735ce748d97b7c04a5ef3ab9a40a0190d8b9d1fc83f38496569678545dbfd4ba36603d87e055a3139622b7ed8df9a25153dacedf4c03b7051eb	common_voice_fr_20013107.mp3	Les débats furent extrêmement tendus entre les camps en présence.	2	0	twenties		france	fr	
9b9a0e73b4170735ce748d97b7c04a5ef3ab9a40a0190d8b9d1fc83f38496569678545dbfd4ba36603d87e055a3139622b7ed8df9a25153dacedf4c03b7051eb	common_voice_fr_20013108.mp3	Il est rédacteur pigiste agréé, collabore à diverses publications et enseigne la rédaction.	2	0	twenties		france	fr	
9b9a0e73b4170735ce748d97b7c04a5ef3ab9a40a0190d8b9d1fc83f38496569678545dbfd4ba36603d87e055a3139622b7ed8df9a25153dacedf4c03b7051eb	common_voice_fr_20013164.mp3	La ville est considérée comme la métropole réformée pour les provinces wallonnes.	2	0	twenties		france	fr	
9b9a0e73b4170735ce748d97b7c04a5ef3ab9a40a0190d8b9d1fc83f38496569678545dbfd4ba36603d87e055a3139622b7ed8df9a25153dacedf4c03b7051eb	common_voice_fr_20013165.mp3	"Excusez-moi, est-ce que vous auriez l'heure s'il vous plaît?"	2	0	twenties		france	fr	
9b9a0e73b4170735ce748d97b7c04a5ef3ab9a40a0190d8b9d1fc83f38496569678545dbfd4ba36603d87e055a3139622b7ed8df9a25153dacedf4c03b7051eb	common_voice_fr_20013166.mp3	Cette espèce est endémique.	2	0	twenties		france	fr	
9b9a0e73b4170735ce748d97b7c04a5ef3ab9a40a0190d8b9d1fc83f38496569678545dbfd4ba36603d87e055a3139622b7ed8df9a25153dacedf4c03b7051eb	common_voice_fr_20013167.mp3	"Bientôt, les morts de l'endroit se réveillent et les attaquent."	2	0	twenties		france	fr	
9b9a0e73b4170735ce748d97b7c04a5ef3ab9a40a0190d8b9d1fc83f38496569678545dbfd4ba36603d87e055a3139622b7ed8df9a25153dacedf4c03b7051eb	common_voice_fr_20013168.mp3	En seizièmes de finale, Nice reçoit Nancy au stade du Ray.	2	0	twenties		france	fr	
9beb5a6a45bb3fef18cbdc845a0892c76afbc4e7685cf2a8398bd253aa64f5c19796d9aa3ea5594c2da5b24034656eb32b56241e945896e79eb82794e79a883a	common_voice_fr_18246308.mp3	Rue du Capitaine Lafond, Lurcy-Lévis	2	0				fr	
9beb5a6a45bb3fef18cbdc845a0892c76afbc4e7685cf2a8398bd253aa64f5c19796d9aa3ea5594c2da5b24034656eb32b56241e945896e79eb82794e79a883a	common_voice_fr_18246309.mp3	Voire, qui l’aurait su !	2	1				fr	
9beb5a6a45bb3fef18cbdc845a0892c76afbc4e7685cf2a8398bd253aa64f5c19796d9aa3ea5594c2da5b24034656eb32b56241e945896e79eb82794e79a883a	common_voice_fr_18246311.mp3	Rue Bosche, dix-neuf mille cent Brive-la-Gaillarde	2	0				fr	
9beb5a6a45bb3fef18cbdc845a0892c76afbc4e7685cf2a8398bd253aa64f5c19796d9aa3ea5594c2da5b24034656eb32b56241e945896e79eb82794e79a883a	common_voice_fr_18246312.mp3	Avenue Lelièvre, quatre-vingt-treize, six cents Aulnay-sous-Bois	2	0				fr	
9beb5a6a45bb3fef18cbdc845a0892c76afbc4e7685cf2a8398bd253aa64f5c19796d9aa3ea5594c2da5b24034656eb32b56241e945896e79eb82794e79a883a	common_voice_fr_18246317.mp3	onze avenue du Quatre Septembre	2	0				fr	
9beb5a6a45bb3fef18cbdc845a0892c76afbc4e7685cf2a8398bd253aa64f5c19796d9aa3ea5594c2da5b24034656eb32b56241e945896e79eb82794e79a883a	common_voice_fr_18246318.mp3	Rue Poncelet, Brive-la-Gaillarde	2	0				fr	
9beb5a6a45bb3fef18cbdc845a0892c76afbc4e7685cf2a8398bd253aa64f5c19796d9aa3ea5594c2da5b24034656eb32b56241e945896e79eb82794e79a883a	common_voice_fr_18246320.mp3	Mais, à mon grand regret, je n’y ai trouvé aucun profit.	2	0				fr	
9beb5a6a45bb3fef18cbdc845a0892c76afbc4e7685cf2a8398bd253aa64f5c19796d9aa3ea5594c2da5b24034656eb32b56241e945896e79eb82794e79a883a	common_voice_fr_18246321.mp3	Cela ne va pas.	2	0				fr	
9beb5a6a45bb3fef18cbdc845a0892c76afbc4e7685cf2a8398bd253aa64f5c19796d9aa3ea5594c2da5b24034656eb32b56241e945896e79eb82794e79a883a	common_voice_fr_18246322.mp3	"Hélas ! … ni l'un ni l'autre ne ressemblait au sien."	2	0				fr	
9c0937360857734fdd45ede2c6d830c2efb0e24a25bb22f5c15648b246f083e45ba56f578a8a9b3d39f506c436a2b748bb74547733a87588ee77d952d9c342e8	common_voice_fr_19605543.mp3	Il avait épousé Marie-Anne Greenwood, veuve du peintre anversois François Solvyns.	2	0				fr	
9c0937360857734fdd45ede2c6d830c2efb0e24a25bb22f5c15648b246f083e45ba56f578a8a9b3d39f506c436a2b748bb74547733a87588ee77d952d9c342e8	common_voice_fr_19605546.mp3	"L'autoroute Sanyo relie Iwakuni au reste du Japon."	2	0				fr	
9c0937360857734fdd45ede2c6d830c2efb0e24a25bb22f5c15648b246f083e45ba56f578a8a9b3d39f506c436a2b748bb74547733a87588ee77d952d9c342e8	common_voice_fr_19605549.mp3	"Le film rencontre un très grand succès en France comme à l'étranger."	2	0				fr	
9c0937360857734fdd45ede2c6d830c2efb0e24a25bb22f5c15648b246f083e45ba56f578a8a9b3d39f506c436a2b748bb74547733a87588ee77d952d9c342e8	common_voice_fr_19605551.mp3	La ville de Musasir se rend apparemment sans résistance.	2	0				fr	
9c0937360857734fdd45ede2c6d830c2efb0e24a25bb22f5c15648b246f083e45ba56f578a8a9b3d39f506c436a2b748bb74547733a87588ee77d952d9c342e8	common_voice_fr_19605553.mp3	"Les vainqueurs des groupes Nord et Sud bénéficient d'un bonus de trois points."	2	0				fr	
9c0937360857734fdd45ede2c6d830c2efb0e24a25bb22f5c15648b246f083e45ba56f578a8a9b3d39f506c436a2b748bb74547733a87588ee77d952d9c342e8	common_voice_fr_19605615.mp3	Plusieurs se font harponner, mais ils parviennent à couler le navire humain.	2	0				fr	
9c0937360857734fdd45ede2c6d830c2efb0e24a25bb22f5c15648b246f083e45ba56f578a8a9b3d39f506c436a2b748bb74547733a87588ee77d952d9c342e8	common_voice_fr_19605616.mp3	"Il avait largement sous-estimé la distance qui sépare l'Europe de l'Asie par l'Ouest."	2	0				fr	
9c0937360857734fdd45ede2c6d830c2efb0e24a25bb22f5c15648b246f083e45ba56f578a8a9b3d39f506c436a2b748bb74547733a87588ee77d952d9c342e8	common_voice_fr_19605617.mp3	"Le projet d'adaptation de la série est international et dirigée par Saban Entertainment."	2	0				fr	
9c0937360857734fdd45ede2c6d830c2efb0e24a25bb22f5c15648b246f083e45ba56f578a8a9b3d39f506c436a2b748bb74547733a87588ee77d952d9c342e8	common_voice_fr_19605618.mp3	Le site est remarquable pour son avifaune.	2	0				fr	
9c0937360857734fdd45ede2c6d830c2efb0e24a25bb22f5c15648b246f083e45ba56f578a8a9b3d39f506c436a2b748bb74547733a87588ee77d952d9c342e8	common_voice_fr_19605619.mp3	"La statue au centre du dôme dans l'amphithéâtre représentent Mercure, sculpté par George Ness."	2	0				fr	
9c66710c6457f9934998a775470c091d91ab55c03d92e3c3de147fed6e7040ceaf32c1f4a92ee1195768a7ba178529cf5ff9736ff934d3ba937f7a00c343822d	common_voice_fr_23668463.mp3	"C'est une machine d'étiquetage portable utilisant un procédé thermique pour l'impression."	6	0	twenties	female	france	fr	
9c66710c6457f9934998a775470c091d91ab55c03d92e3c3de147fed6e7040ceaf32c1f4a92ee1195768a7ba178529cf5ff9736ff934d3ba937f7a00c343822d	common_voice_fr_23668465.mp3	"Élève à l'école de Sorèze, Suzannet devient officier aux Gardes-Françaises."	6	0	twenties	female	france	fr	
9c66710c6457f9934998a775470c091d91ab55c03d92e3c3de147fed6e7040ceaf32c1f4a92ee1195768a7ba178529cf5ff9736ff934d3ba937f7a00c343822d	common_voice_fr_23668467.mp3	Là, leur débit est toujours assuré, et à de très hauts prix.	6	0	twenties	female	france	fr	
9c66710c6457f9934998a775470c091d91ab55c03d92e3c3de147fed6e7040ceaf32c1f4a92ee1195768a7ba178529cf5ff9736ff934d3ba937f7a00c343822d	common_voice_fr_23668468.mp3	"Serge Martinez est d'origine pied-noire."	6	0	twenties	female	france	fr	
9c66710c6457f9934998a775470c091d91ab55c03d92e3c3de147fed6e7040ceaf32c1f4a92ee1195768a7ba178529cf5ff9736ff934d3ba937f7a00c343822d	common_voice_fr_23668469.mp3	Cork est sorti vainqueur de cet affrontement décisif.	6	0	twenties	female	france	fr	
9c9875538797f20ba5368573464c36f2a127937f7b4b4e8a0341cee397374a491dc4e17a1cae5842cf3ef3c9b504c1566f2f0e0dd1b504cccfd0271190d6f118	common_voice_fr_18103468.mp3	Le Commissaire Qu’est-ce que c’est ?… qu’est-ce que c’est ?…	2	0				fr	
9c9875538797f20ba5368573464c36f2a127937f7b4b4e8a0341cee397374a491dc4e17a1cae5842cf3ef3c9b504c1566f2f0e0dd1b504cccfd0271190d6f118	common_voice_fr_18103470.mp3	"Les armées coalisées marchent sur Paris : célébrons avec pompe l'anniversaire du dix août."	2	0				fr	
9c9875538797f20ba5368573464c36f2a127937f7b4b4e8a0341cee397374a491dc4e17a1cae5842cf3ef3c9b504c1566f2f0e0dd1b504cccfd0271190d6f118	common_voice_fr_18103471.mp3	L’aime aussi, mais sans se l’avouer encore à elle-même, peut-être…	2	0				fr	
9c9875538797f20ba5368573464c36f2a127937f7b4b4e8a0341cee397374a491dc4e17a1cae5842cf3ef3c9b504c1566f2f0e0dd1b504cccfd0271190d6f118	common_voice_fr_18103472.mp3	C’est à vendre.	2	0				fr	
9c9875538797f20ba5368573464c36f2a127937f7b4b4e8a0341cee397374a491dc4e17a1cae5842cf3ef3c9b504c1566f2f0e0dd1b504cccfd0271190d6f118	common_voice_fr_18103483.mp3	Départementale huit cent treize de Toulouse, Saint-Porquier	2	0				fr	
9c9875538797f20ba5368573464c36f2a127937f7b4b4e8a0341cee397374a491dc4e17a1cae5842cf3ef3c9b504c1566f2f0e0dd1b504cccfd0271190d6f118	common_voice_fr_18103484.mp3	cent vingt rue des Chartons, quatre-vingt-huit, cinq cent cinquante à Pouxeux	2	1				fr	
9c9875538797f20ba5368573464c36f2a127937f7b4b4e8a0341cee397374a491dc4e17a1cae5842cf3ef3c9b504c1566f2f0e0dd1b504cccfd0271190d6f118	common_voice_fr_18103485.mp3	La Vierge couronnée demandait un roi.	2	0				fr	
9c9875538797f20ba5368573464c36f2a127937f7b4b4e8a0341cee397374a491dc4e17a1cae5842cf3ef3c9b504c1566f2f0e0dd1b504cccfd0271190d6f118	common_voice_fr_18103486.mp3	L’amendement numéro cent vingt-quatre est rédactionnel.	2	1				fr	
9c9875538797f20ba5368573464c36f2a127937f7b4b4e8a0341cee397374a491dc4e17a1cae5842cf3ef3c9b504c1566f2f0e0dd1b504cccfd0271190d6f118	common_voice_fr_18103487.mp3	"Rue Robert D'Arbrissel, trente-cinq, deux cent quarante Retiers"	2	0				fr	
9d1e025c1b2b3dedb210ecb4312a4be29c570b427d31dfe05d261f35b021ee506fc490e22bf7ff70d286c0f4c1e8ddcb887711c94c6e6b4bbc097237c1f12f8f	common_voice_fr_18458157.mp3	Pas trop tout de même, il faut oser!	2	0				fr	
9d1e025c1b2b3dedb210ecb4312a4be29c570b427d31dfe05d261f35b021ee506fc490e22bf7ff70d286c0f4c1e8ddcb887711c94c6e6b4bbc097237c1f12f8f	common_voice_fr_18458158.mp3	Un voilier.	2	0				fr	
9d1e025c1b2b3dedb210ecb4312a4be29c570b427d31dfe05d261f35b021ee506fc490e22bf7ff70d286c0f4c1e8ddcb887711c94c6e6b4bbc097237c1f12f8f	common_voice_fr_18458159.mp3	Toute cette intrigue valut de la fièvre à Denise.	2	0				fr	
9d1e025c1b2b3dedb210ecb4312a4be29c570b427d31dfe05d261f35b021ee506fc490e22bf7ff70d286c0f4c1e8ddcb887711c94c6e6b4bbc097237c1f12f8f	common_voice_fr_18458161.mp3	Elle, elle aimera.	2	1				fr	
9d1e025c1b2b3dedb210ecb4312a4be29c570b427d31dfe05d261f35b021ee506fc490e22bf7ff70d286c0f4c1e8ddcb887711c94c6e6b4bbc097237c1f12f8f	common_voice_fr_18458166.mp3	"Tout à coup, il s'endort."	2	0				fr	
9d1e025c1b2b3dedb210ecb4312a4be29c570b427d31dfe05d261f35b021ee506fc490e22bf7ff70d286c0f4c1e8ddcb887711c94c6e6b4bbc097237c1f12f8f	common_voice_fr_18458207.mp3	Bonjour Sara.	2	0				fr	
9d1e025c1b2b3dedb210ecb4312a4be29c570b427d31dfe05d261f35b021ee506fc490e22bf7ff70d286c0f4c1e8ddcb887711c94c6e6b4bbc097237c1f12f8f	common_voice_fr_18458208.mp3	Nous souperons là-bas.	2	1				fr	
9d1e025c1b2b3dedb210ecb4312a4be29c570b427d31dfe05d261f35b021ee506fc490e22bf7ff70d286c0f4c1e8ddcb887711c94c6e6b4bbc097237c1f12f8f	common_voice_fr_18458210.mp3	La poubelle pour le recyclage est jaune.	2	0				fr	
9d1e025c1b2b3dedb210ecb4312a4be29c570b427d31dfe05d261f35b021ee506fc490e22bf7ff70d286c0f4c1e8ddcb887711c94c6e6b4bbc097237c1f12f8f	common_voice_fr_18458215.mp3	"C'est mon palais à moi."	2	0				fr	
9d1e025c1b2b3dedb210ecb4312a4be29c570b427d31dfe05d261f35b021ee506fc490e22bf7ff70d286c0f4c1e8ddcb887711c94c6e6b4bbc097237c1f12f8f	common_voice_fr_18458216.mp3	Elvire avait couru dans le pavillon.	2	0				fr	
9d99ec9b39d0ccc609b5f2505e9f7b79eac4688af324d5bdb08ed9de01e2de06c8c4df11af129dd5411de20a6877995e6bb7bca60c61a245044bb2b0fb7a5617	common_voice_fr_18237601.mp3	On envoya même des ambassadeurs pour porter plainte au roi.	2	0				fr	
9d99ec9b39d0ccc609b5f2505e9f7b79eac4688af324d5bdb08ed9de01e2de06c8c4df11af129dd5411de20a6877995e6bb7bca60c61a245044bb2b0fb7a5617	common_voice_fr_18237602.mp3	Mais comment t’y prenais-tu ?	2	0				fr	
9d99ec9b39d0ccc609b5f2505e9f7b79eac4688af324d5bdb08ed9de01e2de06c8c4df11af129dd5411de20a6877995e6bb7bca60c61a245044bb2b0fb7a5617	common_voice_fr_18237604.mp3	qui n’était manifestement pas à l’aise chez lui auprès de son vieux	2	0				fr	
9d99ec9b39d0ccc609b5f2505e9f7b79eac4688af324d5bdb08ed9de01e2de06c8c4df11af129dd5411de20a6877995e6bb7bca60c61a245044bb2b0fb7a5617	common_voice_fr_18237605.mp3	Domaine de Kerdual, cinquante-six mille quatre cent soixante-dix La Trinité-sur-Mer	2	0				fr	
9d99ec9b39d0ccc609b5f2505e9f7b79eac4688af324d5bdb08ed9de01e2de06c8c4df11af129dd5411de20a6877995e6bb7bca60c61a245044bb2b0fb7a5617	common_voice_fr_18237606.mp3	On a encore volé votre chasselas cette nuit.	2	0				fr	
9d99ec9b39d0ccc609b5f2505e9f7b79eac4688af324d5bdb08ed9de01e2de06c8c4df11af129dd5411de20a6877995e6bb7bca60c61a245044bb2b0fb7a5617	common_voice_fr_18237607.mp3	Quatre-vingt-dix grammes de beurre ramolli.	2	0				fr	
9d99ec9b39d0ccc609b5f2505e9f7b79eac4688af324d5bdb08ed9de01e2de06c8c4df11af129dd5411de20a6877995e6bb7bca60c61a245044bb2b0fb7a5617	common_voice_fr_18237608.mp3	Il avait suivi Béatrix, femme de Charles, à la prise de possession de Naples.	2	0				fr	
9d99ec9b39d0ccc609b5f2505e9f7b79eac4688af324d5bdb08ed9de01e2de06c8c4df11af129dd5411de20a6877995e6bb7bca60c61a245044bb2b0fb7a5617	common_voice_fr_18237609.mp3	Lequel veux-tu ?	2	0				fr	
9d99ec9b39d0ccc609b5f2505e9f7b79eac4688af324d5bdb08ed9de01e2de06c8c4df11af129dd5411de20a6877995e6bb7bca60c61a245044bb2b0fb7a5617	common_voice_fr_18237610.mp3	L’amendement vise à rétablir la rédaction adoptée par l’Assemblée nationale en première lecture.	2	0				fr	
9e6f5f37bfe2b53f3d83b182379c5aa8d522966340432e754d0cbd7e850af4b388d950dfa260e1f4e292605be05768170d88aa76daf612fc0e2dec8003da0d00	common_voice_fr_19692531.mp3	La société a également produit une Spyder nommé Beau Rivage.	2	0				fr	
9e6f5f37bfe2b53f3d83b182379c5aa8d522966340432e754d0cbd7e850af4b388d950dfa260e1f4e292605be05768170d88aa76daf612fc0e2dec8003da0d00	common_voice_fr_19692535.mp3	Les alliances sont à la hauteur de leur distinction et de leur fortune.	2	0				fr	
9e6f5f37bfe2b53f3d83b182379c5aa8d522966340432e754d0cbd7e850af4b388d950dfa260e1f4e292605be05768170d88aa76daf612fc0e2dec8003da0d00	common_voice_fr_19692537.mp3	"La vallée de l'Ailette héberge une grande partie du canal de l'Oise à l'Aisne."	2	0				fr	
9e6f5f37bfe2b53f3d83b182379c5aa8d522966340432e754d0cbd7e850af4b388d950dfa260e1f4e292605be05768170d88aa76daf612fc0e2dec8003da0d00	common_voice_fr_19692538.mp3	Mais toutes ces personnalités quittent le mouvement en raison de probables dissensions internes.	2	1				fr	
9e6f5f37bfe2b53f3d83b182379c5aa8d522966340432e754d0cbd7e850af4b388d950dfa260e1f4e292605be05768170d88aa76daf612fc0e2dec8003da0d00	common_voice_fr_19692540.mp3	Elle desservait le village de Saint-Pons.	2	0				fr	
9e6f5f37bfe2b53f3d83b182379c5aa8d522966340432e754d0cbd7e850af4b388d950dfa260e1f4e292605be05768170d88aa76daf612fc0e2dec8003da0d00	common_voice_fr_19692558.mp3	"Le mont Hunter est le troisième sommet le plus élevé de la chaîne d'Alaska."	2	1				fr	
9e6f5f37bfe2b53f3d83b182379c5aa8d522966340432e754d0cbd7e850af4b388d950dfa260e1f4e292605be05768170d88aa76daf612fc0e2dec8003da0d00	common_voice_fr_19692560.mp3	Ce zoologiste étudie de nombreux groupes d’arthropodes.	2	1				fr	
9e6f5f37bfe2b53f3d83b182379c5aa8d522966340432e754d0cbd7e850af4b388d950dfa260e1f4e292605be05768170d88aa76daf612fc0e2dec8003da0d00	common_voice_fr_19692567.mp3	À noter la de la française Li Xue.	2	0				fr	
9e6f5f37bfe2b53f3d83b182379c5aa8d522966340432e754d0cbd7e850af4b388d950dfa260e1f4e292605be05768170d88aa76daf612fc0e2dec8003da0d00	common_voice_fr_19692569.mp3	Clickair commença ses opérations le avec sur depuis Barcelone.	2	0				fr	
9ee857cd80995602852175c7d771c0863d202b24b36ed3609a4ce4abba57991d3931280a2ff462a8ee1445a0120538ee83d4eeb218def253d5b1d0626f53d452	common_voice_fr_18039895.mp3	Bien sûr ! La parole est à Madame la présidente de la commission des affaires sociales.	2	0				fr	
9ee857cd80995602852175c7d771c0863d202b24b36ed3609a4ce4abba57991d3931280a2ff462a8ee1445a0120538ee83d4eeb218def253d5b1d0626f53d452	common_voice_fr_18039896.mp3	La vie de nos campagnes est, en réalité, en jeu.	2	0				fr	
9ee857cd80995602852175c7d771c0863d202b24b36ed3609a4ce4abba57991d3931280a2ff462a8ee1445a0120538ee83d4eeb218def253d5b1d0626f53d452	common_voice_fr_18039897.mp3	Cet aspect vous pénètre comme un froid.	2	0				fr	
9ee857cd80995602852175c7d771c0863d202b24b36ed3609a4ce4abba57991d3931280a2ff462a8ee1445a0120538ee83d4eeb218def253d5b1d0626f53d452	common_voice_fr_18039898.mp3	Villa Poincaré, quatre-vingt-onze, cinq cent quatre-vingts Étréchy	3	0				fr	
9ee857cd80995602852175c7d771c0863d202b24b36ed3609a4ce4abba57991d3931280a2ff462a8ee1445a0120538ee83d4eeb218def253d5b1d0626f53d452	common_voice_fr_18039899.mp3	À qui la faute ?	3	0				fr	
9ee857cd80995602852175c7d771c0863d202b24b36ed3609a4ce4abba57991d3931280a2ff462a8ee1445a0120538ee83d4eeb218def253d5b1d0626f53d452	common_voice_fr_18039900.mp3	Vous en aurez d’autres ?	2	0				fr	
9ee857cd80995602852175c7d771c0863d202b24b36ed3609a4ce4abba57991d3931280a2ff462a8ee1445a0120538ee83d4eeb218def253d5b1d0626f53d452	common_voice_fr_18039901.mp3	Les Alpes le sont.	2	0				fr	
9ee857cd80995602852175c7d771c0863d202b24b36ed3609a4ce4abba57991d3931280a2ff462a8ee1445a0120538ee83d4eeb218def253d5b1d0626f53d452	common_voice_fr_18039902.mp3	Écoles de Médecine et de Droit.	2	0				fr	
9ee857cd80995602852175c7d771c0863d202b24b36ed3609a4ce4abba57991d3931280a2ff462a8ee1445a0120538ee83d4eeb218def253d5b1d0626f53d452	common_voice_fr_18039903.mp3	On dirait que vous en êtes amoureux !	2	0				fr	
9ee857cd80995602852175c7d771c0863d202b24b36ed3609a4ce4abba57991d3931280a2ff462a8ee1445a0120538ee83d4eeb218def253d5b1d0626f53d452	common_voice_fr_18039904.mp3	Route de la Lussardière au numéro trois	2	0				fr	
